Listing Date,Original Price,Address,Address 2,State,City,Zip,MLS #,Bedrooms,Full Baths,Sold Price,Closing Date,Total Heated Sq Ft,Selling Agent - Agent Name,Selling Office - Office Name,Status Date,Listing Agent - Agent Name,Listing Office - Office Name,Input Date,Number of Acres,Photo,Last Photo Update Date
1/1/2025,"$179,999",3811 Wayside Rd.,,SC,Conway,29527,2428864,3,2,"$179,999",2/13/2025,1120,Brendon Payne Expert Advisors Team,Century 21 The Harrelson Group,2/14/2025,Joe M Scaturro,Keller Williams The Forturro Group,1/1/2025 11:36 AM,0.28,https://zimg.paragon.ice.com/ParagonImages/Property/PE/CCAR/2428864/0/120/90/02adaa130dd81789748bc305df41637f/5/eb0bff025a4d40272dc33731f9a5ee82/2428864-0629BCF4-1E2B-4DC7-8C2A-8A2525747DCD.JPG,
10/10/2024,"$189,999",3805 Wayside Rd.,,SC,Conway,29527,2423471,3,2,"$184,999",2/14/2025,1120,Joe M Scaturro,Keller Williams The Forturro Group,2/18/2025,Joe M Scaturro,Keller Williams The Forturro Group,10/10/2024 9:44 AM,0.33,https://zimg.paragon.ice.com/ParagonImages/Property/PE/CCAR/2423471/0/120/90/22c912671ff8c0d1244a4440c3033d2b/5/27d8e7af0c404f98cf490a89e0bf3af5/2423471-803591FA-A06D-4EDB-8A9E-3CBA9872FA52.JPG,
9/17/2024,"$209,999",2725 Orion Dr.,,SC,Myrtle Beach,29577,2421588,3,2,"$185,000",12/20/2024,1500,George P Akulonis,Coastal Beach Home RE LLC,12/20/2024,Joe M Scaturro,Keller Williams The Forturro Group,9/17/2024 5:25 AM,0.11,https://zimg.paragon.ice.com/ParagonImages/Property/PE/CCAR/2421588/0/120/90/f9c8512cd077cb48f2bb13fb128dc703/5/3b8dcde4fd952f20e348809bac433f9e/2421588-a4594ae3-15f3-4041-80ac-46ff4cab9ed1.JPG,
1/18/2025,"$185,000",487 N Green Sea Rd.,,SC,Loris,29569,2501466,3,2,"$185,000",4/22/2025,1056,Kathy Ferraro,Latitude 34 Realty,4/22/2025,Joe M Scaturro,Keller Williams The Forturro Group,1/18/2025 3:36 PM,0.50,https://zimg.paragon.ice.com/ParagonImages/Property/PE/CCAR/2501466/0/120/90/60256eb3f746847c8ba48db661cc8889/5/c5d3b400e70813c5f2b102a1514d2671/2501466-c68d31c0-4bfa-401a-b76d-6e768af00276.JPG,
4/1/2025,"$199,999",2711 W Highway 9 Bypass,,SC,Loris,29569,2508137,3,2,"$190,000",6/27/2025,1456,Jessica C Williams,CB Sea Coast Advantage CF,6/30/2025,Joe M Scaturro,Keller Williams The Forturro Group,4/1/2025 3:28 PM,0.92,https://zimg.paragon.ice.com/ParagonImages/Property/PE/CCAR/2508137/0/120/90/ad34bf20d21137e454e1609dc24fcc8e/5/949fb623d36e4bf6c6156c502ee584f8/2508137-2fb4ef72-db7e-4453-a769-5ba0ea9410a3.JPG,
12/31/2025,"$199,999",2008 Pint Circle,,SC,Longs,29568,2530174,3,2,"$190,000",3/23/2026,1216,Secure Home Finder Team,Realty ONE Group Dockside,3/25/2026,Joe M Scaturro,Keller Williams The Forturro Group,12/31/2025 8:22 AM,0.24,https://zimg.paragon.ice.com/ParagonImages/Property/PE/CCAR/2530174/0/120/90/a39a40e432a50e945603c35b42ca8b62/0/60e61367e97fd38711ba0fb647141654/2530174-00576802-68a8-461c-9c9e-df2d81de6b76.JPG,
8/25/2024,"$194,999",117 Melanie Brooke Ln.,,SC,Conway,29527,2419757,3,2,"$190,000",12/4/2024,1120,Chris Koppel Team,INNOVATE Real Estate,12/6/2024,Joe M Scaturro,Keller Williams The Forturro Group,8/25/2024 11:24 AM,0.33,https://zimg.paragon.ice.com/ParagonImages/Property/PE/CCAR/2419757/0/120/90/daf33cc99dd1ea5535f631da8d9a32b7/5/82be201654878029bd948aa85fbdca98/2419757-A8627203-B2BF-40F8-AE92-DC5C7B2772DD.JPG,
8/9/2024,"$194,999",129 Melanie Brooke Ln.,,SC,Conway,29527,2418564,3,2,"$192,499",9/24/2024,1120,Courtney S Moore,RE/MAX Southern Shores-Conway,9/25/2024,Joe M Scaturro,Keller Williams The Forturro Group,8/9/2024 5:11 PM,0.33,https://zimg.paragon.ice.com/ParagonImages/Property/PE/CCAR/2418564/0/120/90/3e67785c2b6451874cd5ca33f34ac0b0/5/06085333a6ac8980b973739ed79d2684/2418564-33723b13-4b12-4f38-9654-01688d74fa5b.JPG,
3/5/2025,"$219,999",3816 Wayside Rd.,,SC,Conway,29527,2505519,3,2,"$198,000",6/24/2025,1568,Dawn Safer,BHHS Myrtle Beach Real Estate,6/25/2025,Joe M Scaturro,Keller Williams The Forturro Group,3/5/2025 3:06 PM,0.23,https://zimg.paragon.ice.com/ParagonImages/Property/PE/CCAR/2505519/0/120/90/68be744334c836607b47b81bc18db5a2/5/40fa9f330241a12b5db2b1ef45dcca6a/2505519-d06e0be1-d6fd-4b8d-9cde-36c2f44b061f.JPG,
5/19/2025,"$199,999",491 N Green Sea Rd.,,SC,Loris,29569,2512540,3,2,"$199,000",7/9/2025,1344,Natalie Cruse,Keller Williams Oak and Ocean,7/10/2025,Joe M Scaturro,Keller Williams The Forturro Group,5/19/2025 12:20 PM,0.78,https://zimg.paragon.ice.com/ParagonImages/Property/PE/CCAR/2512540/0/120/90/31dcb5a7ecebd11b8783f949da67a5d9/5/1034230a912e20a3bb68cde9a96332c8/2512540-007220dd-27d6-414a-a827-75b194a158c7.JPG,
3/9/2025,"$217,500",495 N Green Sea Rd.,,SC,Loris,29569,2505870,3,2,"$200,000",5/15/2025,1344,Barbara A Laverty,Realty ONE Group Dockside,5/19/2025,Joe M Scaturro,Keller Williams The Forturro Group,3/9/2025 9:54 AM,0.58,https://zimg.paragon.ice.com/ParagonImages/Property/PE/CCAR/2505870/0/120/90/5bf0474f6a54440f7bdb6d3303ad7d38/5/78f4b22f48b80f53a4edfd01084c2c53/2505870-56A2587B-9644-4999-9C79-750C8F0D30B5.JPG,
10/22/2024,"$214,999",3645 Wayside Rd.,,SC,Conway,29527,2424403,3,2,"$201,999",11/27/2024,1456,Lorie Graham,Keller Williams Innovate South,12/2/2024,Joe M Scaturro,Keller Williams The Forturro Group,10/22/2024 3:03 PM,0.22,https://zimg.paragon.ice.com/ParagonImages/Property/PE/CCAR/2424403/0/120/90/839295cbb7e09057b693a0a3cfadc65f/5/dbcaf54c3cfda443733290d3650b2a67/2424403-2acb7d5d-3f9f-48c1-b1d8-a8ea42655f55.JPG,
10/21/2024,"$199,999",3807 Wayside Rd.,,SC,Conway,29527,2424270,3,2,"$205,000",1/29/2025,1456,Andrew D Durham,Century 21 Palms Realty,1/29/2025,Joe M Scaturro,Keller Williams The Forturro Group,10/21/2024 10:12 AM,0.22,https://zimg.paragon.ice.com/ParagonImages/Property/PE/CCAR/2424270/0/120/90/3199eb70303c901824f7cd3929803e86/5/dfa6163ea935b1b6c82445f7e8a5b8b4/2424270-a239a9e2-5b35-4f48-91a1-fbe6dd00c9a6.JPG,
1/19/2024,"$214,999",673 Rose Moss Rd.,,SC,Conway,29527,2401594,3,2,"$207,000",4/18/2024,1456,Robert D Ward,"Wave Beach Realty, LLC",4/19/2024,The Forturro Group,Keller Williams Innovate South,1/19/2024 11:58 AM,0.28,https://zimg.paragon.ice.com/ParagonImages/Property/PE/CCAR/2401594/0/120/90/91d40c4273dae1df7d96d1b70966c81c/5/b48c4fadf3f9debfe1096ded74c404dd/2401594-6a8cfa1c-40ca-4cf2-b005-97128e4733be.JPG,
4/6/2026,"$209,999",2016 Pint Circle,,SC,Longs,29568,2608944,3,2,"$209,999",5/21/2026,1568,Right Find Homes Team,EXP Realty LLC,5/22/2026,Joe M Scaturro,Keller Williams The Forturro Group,4/6/2026 4:39 PM,0.22,https://zimg.paragon.ice.com/ParagonImages/Property/PE/CCAR/2608944/0/120/90/3c19efa5c30a3e3add8df2557a87a0f3/0/15e8b146cffeff9b63d9e9937848b031/2608944-415CAFC7-E296-465E-8B02-E0EC94F626D0.JPG,
5/1/2025,"$210,000",501 N Green Sea Rd.,,SC,Loris,29569,2519502,3,2,"$210,000",8/5/2025,1568,Joe M Scaturro,Keller Williams The Forturro Group,8/11/2025,Joe M Scaturro,Keller Williams The Forturro Group,8/11/2025 11:07 AM,0.57,https://zimg.paragon.ice.com/ParagonImages/Property/PE/CCAR/2519502/0/120/90/5e150b624182e012af866684d987e6d2/5/03e7d92d6aed12cabb1a9b5e38a11490/2519502-347e0020-ada5-419e-b639-0cd645e55e04.JPG,
12/2/2024,"$219,999",3641 Wayside Rd.,,SC,Conway,29527,2427332,3,2,"$210,000",7/15/2025,1568,Ali Ferrari,RE/MAX Southern Shores,7/16/2025,Joe M Scaturro,Keller Williams The Forturro Group,12/2/2024 9:16 AM,0.23,https://zimg.paragon.ice.com/ParagonImages/Property/PE/CCAR/2427332/0/120/90/adb021021c1d583acfc18f444edaa139/5/c397f22e669c047421133a2a26ea5800/2427332-2C16575F-E9EF-436C-AE6B-FBD0CE7AAE21.JPG,
7/25/2024,"$214,999",121 Melanie Brooke Ln.,,SC,Conway,29527,2417495,3,2,"$215,000",8/27/2024,1456,Right Find Homes Team,Keller Williams Innovate South,8/28/2024,Joe M Scaturro,Keller Williams The Forturro Group,7/25/2024 6:56 PM,0.33,https://zimg.paragon.ice.com/ParagonImages/Property/PE/CCAR/2417495/0/120/90/2876dd7abf75c61d77fc48c62f3d90c6/5/8b58b44f47f881f88dacb9dbfaa2c8b8/2417495-57e56435-fd11-4cda-a1ce-6f09d7af3e5f.JPG,
9/1/2024,"$217,499",309 Duck Cove Rd.,,SC,Conway,29527,2420377,4,2,"$215,000",1/31/2025,1680,Cheryl L Smith,Duncan Group Properties,2/3/2025,Joe M Scaturro,Keller Williams The Forturro Group,9/1/2024 12:33 PM,0.23,https://zimg.paragon.ice.com/ParagonImages/Property/PE/CCAR/2420377/0/120/90/40975fa8c59ba5cae73be75815469f4c/5/609945a2bf268061d37d40d2f5b4486c/2420377-DE15C681-9544-43A6-8DAE-90B51A0C5A04.JPG,
2/15/2024,"$219,999",105 Melanie Brooke Ln.,,SC,Conway,29527,2403974,3,2,"$215,900",4/25/2024,1456,Robert L Newman,"Ideal Homes Real Estate, LLC",4/25/2024,The Forturro Group,Keller Williams Innovate South,2/15/2024 3:40 PM,0.32,https://zimg.paragon.ice.com/ParagonImages/Property/PE/CCAR/2403974/0/120/90/b879201c528547fd6a33e0457e0ab8c7/5/f756fec6838faf1780c0e4a4b4e9b95a/2403974-2f302ef0-bd79-47d8-ad9a-02f624a43abe.JPG,
1/1/2024,"$239,999",3500 Wayside Rd.,,SC,Conway,29527,2400068,3,2,"$217,500",4/4/2024,1456,Linda L McLenithan,Jason Mitchell Real Estate,4/5/2024,The Forturro Group,Keller Williams Innovate South,1/1/2024 8:49 AM,0.64,https://zimg.paragon.ice.com/ParagonImages/Property/PE/CCAR/2400068/0/120/90/f49741ab05c0e0cb2c7cdd22cd98bf55/5/5196ccd3a589dc0aad8f989ac54123ab/2400068-03e8dc04-b1ca-429d-b4f4-fd797701487c.JPG,
5/9/2024,"$214,999",113 Melanie Brooke Ln.,,SC,Conway,29527,2411320,3,2,"$220,000",6/6/2024,1456,Finigan Properties Team,Keller Williams Innovate South,6/7/2024,The Forturro Group,Keller Williams Innovate South,5/9/2024 5:21 AM,0.33,https://zimg.paragon.ice.com/ParagonImages/Property/PE/CCAR/2411320/0/120/90/5671b0e111701abe07f07c5231e68bd4/5/f9f8d69a17699443360e3065043b6d90/2411320-64c7df39-27c8-475b-8717-7444cdf5f859.JPG,
9/1/2024,"$219,999",3809 Wayside Rd.,,SC,Conway,29527,2420375,4,2,"$220,000",10/24/2024,1680,Barron Calvert,Sloan Realty Group,10/24/2024,Joe M Scaturro,Keller Williams The Forturro Group,9/1/2024 12:29 PM,0.23,https://zimg.paragon.ice.com/ParagonImages/Property/PE/CCAR/2420375/0/120/90/2104b2c8d06bef224a440186ccebdea6/5/c519f4f202100a0fea9713d632f7af2b/2420375-8251A0B0-6903-4FB4-A3DB-7FA9AAC3758E.JPG,
9/2/2025,"$214,999",101 Pepe Court,,SC,Conway,29527,2521391,3,2,"$224,000",2/2/2026,1456,The Coastal Realm Group of the Carolinas,eXp Realty LLC,2/5/2026,Joe M Scaturro,Keller Williams The Forturro Group,9/2/2025 1:45 PM,0.20,https://zimg.paragon.ice.com/ParagonImages/Property/PE/CCAR/2521391/0/120/90/30bf479cc06eec837d5e5a83df256c0c/5/271bc9aa4443fe4ff991f99a8f737773/2521391-F07FFB41-16BD-4DCC-AC1B-0C3E616DBA60.JPG,
9/2/2025,"$229,999",100 Pepe Court,,SC,Conway,29527,2521398,3,2,"$224,999",12/18/2025,1344,Stephanie Everett,BHGRE Paracle Myrtle Beach,12/19/2025,Joe M Scaturro,Keller Williams The Forturro Group,9/2/2025 2:13 PM,0.20,https://zimg.paragon.ice.com/ParagonImages/Property/PE/CCAR/2521398/0/120/90/b8aeb0c62cd800b292eb10cfec7eceba/5/d295380fa2689e5480cbd28d3e666ce7/2521398-3A0480D9-2E46-4E38-A676-CC76AD8B91C2.JPG,
4/28/2025,"$229,999",1310 Rabbit Ln.,,SC,Conway,29526,2510564,3,2,"$225,000",8/29/2025,1456,The Roark Group,RE/MAX Executive,9/2/2025,Joe M Scaturro,Keller Williams The Forturro Group,4/28/2025 6:46 AM,1.00,https://zimg.paragon.ice.com/ParagonImages/Property/PE/CCAR/2510564/0/120/90/99bd1af6df17906a1980ac80484797a5/5/87d81b21e1ea459649eb20535f8534d5/2510564-0f57d664-0998-4865-aba7-f9a01f9a0d21.JPG,
11/24/2023,"$244,999",3806 Wayside Rd.,,SC,Conway,29527,2323921,4,2,"$225,000",2/28/2024,1904,The Forturro Group,Keller Williams Innovate South,3/1/2024,The Forturro Group,Keller Williams Innovate South,11/24/2023 9:57 AM,0.33,https://zimg.paragon.ice.com/ParagonImages/Property/PE/CCAR/2323921/0/120/90/0b5b9bbe262b3ac7a4ef4d70dbc885c2/5/71f893cfe182d103e7ef14b2998a04b9/2323921-1.JPG,
3/13/2024,"$229,999",109 Melanie Brooke Ln.,,SC,Conway,29526,2406422,4,2,"$225,000",6/14/2024,1680,The Forturro Group,Keller Williams Innovate South,6/18/2024,The Forturro Group,Keller Williams Innovate South,3/13/2024 6:24 PM,0.32,https://zimg.paragon.ice.com/ParagonImages/Property/PE/CCAR/2406422/0/120/90/ef6588a8129d1f467cd61f19201e5cf5/5/34f6a68c201fc04a493bc607378bb156/2406422-2e3a4b33-3046-45c3-aacf-3e269568b02a.JPG,
12/16/2024,"$219,999",133 Melanie Brooke Ln.,,SC,Conway,29527,2428162,3,2,"$228,000",2/18/2025,1456,The Roark Group,RE/MAX Executive,2/19/2025,Joe M Scaturro,Keller Williams The Forturro Group,12/16/2024 9:12 AM,0.40,https://zimg.paragon.ice.com/ParagonImages/Property/PE/CCAR/2428162/0/120/90/38387e73335e9bce765772cc98e9b48d/5/9cc7a5a33331b21585b8ae620de1314e/2428162-D9F4CECE-8981-49F9-BE52-9285389747FE.JPG,
7/21/2025,"$239,999",109 Forman Way,,SC,Aynor,29511,2517813,3,2,"$229,999",10/10/2025,1456,Kimberly Jacobs,NextHome The Agency Group MB,10/15/2025,Joe M Scaturro,Keller Williams The Forturro Group,7/21/2025 1:57 PM,1.10,https://zimg.paragon.ice.com/ParagonImages/Property/PE/CCAR/2517813/0/120/90/371518dc6c1942618d1ff37e15b0ade6/5/e4ec00e9336209511e0e33c560c40da7/2517813-4554d591-069c-4925-97e3-0936b506879d.JPG,
11/1/2024,"$229,000",218 Eva Dr.,,SC,Loris,29569,2425175,4,2,"$230,000",12/8/2025,1680,Cody Peterson,RE/MAX Southern Shores-Conway,12/9/2025,Aaron R March,Keller Williams Innovate South,11/1/2024 10:14 AM,0.50,https://zimg.paragon.ice.com/ParagonImages/Property/PE/CCAR/2425175/0/120/90/88fa35f171ed008c54d9d08a9f6959a1/5/aa6e1a8bd26b0e0e1ebf7b6892a791ab/2425175-0bc3244c-650e-4c8e-979a-d2bdb5bcaac2.JPG,
9/3/2024,"$234,999",125 Melanie Brooke Ln.,,SC,Conway,29527,2420437,3,2,"$230,000",10/25/2024,1680,Rob Furlong,Iron Oak Properties,10/25/2024,Joe M Scaturro,Keller Williams The Forturro Group,9/3/2024 7:13 AM,0.33,https://zimg.paragon.ice.com/ParagonImages/Property/PE/CCAR/2420437/0/120/90/5cd7253ed31252d211a1f996cc5e74bd/5/bf8df82f4275546365ee6b898ca4a467/2420437-189E94A3-92BA-4E2C-A974-F236369560A5.JPG,
2/5/2026,"$230,000",116 Pepe Court,,SC,Conway,29527,2603220,3,2,"$230,000",2/3/2026,1344,Stephanie Everett,BHGRE Paracle Myrtle Beach,2/5/2026,Joe M Scaturro,Keller Williams The Forturro Group,2/5/2026 4:07 PM,0.23,https://zimg.paragon.ice.com/ParagonImages/Property/PE/CCAR/2603220/0/120/90/a19ab5cc1488f5550f40f52b03540fd0/0/6ea20c1de3b0daab72444bafe8ffa539/2603220-ebaf7ecd-419a-4ae6-9ec1-e7016891605a.JPG,
4/22/2026,"$229,999",1331 Rabbit Ln.,,SC,Conway,29526,2610417,3,2,"$230,000",6/9/2026,1456,Stephanie Bostic,Colby Stopper Group EXP Realty,6/10/2026,Joe M Scaturro,Keller Williams The Forturro Group,4/22/2026 11:59 AM,1.00,https://zimg.paragon.ice.com/ParagonImages/Property/PE/CCAR/2610417/0/120/90/d0f7af58611af6d9262a10ee8ac0e3ee/0/965afb786d8cd5c5da3f039baa8a1093/2610417-bb1c51c9-15ac-4901-ad48-9d9eac2b2ac3.JPG,
1/1/2025,"$233,999",122 Forman Way,,SC,Aynor,29511,2428860,3,2,"$230,000",2/5/2025,1369,Sue Ann A Burchett,Grand Strand Homes & Land,2/6/2025,Joe M Scaturro,Keller Williams The Forturro Group,1/1/2025 11:25 AM,0.94,https://zimg.paragon.ice.com/ParagonImages/Property/PE/CCAR/2428860/0/120/90/b6cc5ced2481258bff94d6ad21dab9d4/5/fa529fa5284c3ffe6827bdb2d196f26e/2428860-4360d2c8-e8c4-4ad1-bfaa-ab5332b59344.JPG,
4/7/2025,"$239,999",1401 Highway 139,,SC,Conway,29526,2508766,3,2,"$233,000",6/12/2025,1370,Thomas J Caterina,Keller Williams The Forturro Group,6/13/2025,Joe M Scaturro,Keller Williams The Forturro Group,4/7/2025 9:17 PM,1.00,https://zimg.paragon.ice.com/ParagonImages/Property/PE/CCAR/2508766/0/120/90/b374064109c18c1cfecbb2c6045acb99/5/1ad8fc5de638cb9f7c938cebcdce111a/2508766-5b7abf55-89f1-42d1-b192-d5aaf2c42a40.JPG,
3/11/2024,"$239,999",3496 Wayside Rd.,,SC,Conway,29527,2406093,3,2,"$234,000",5/10/2024,1568,Carrie A Sistare,Keller Williams Innovate South,5/16/2024,The Forturro Group,Keller Williams Innovate South,3/11/2024 9:02 AM,0.63,https://zimg.paragon.ice.com/ParagonImages/Property/PE/CCAR/2406093/0/120/90/a669cf8eedbc90acc84a737027e7bd3d/5/38db07c7de24d0d24f0caba720edad2a/2406093-6e8801bc-0a64-46a3-be6f-638b58177af1.JPG,
9/28/2025,"$249,999",1315 Rabbit Ln.,,SC,Conway,29526,2523680,3,2,"$235,000",1/8/2026,1568,Joe M Scaturro,Keller Williams The Forturro Group,1/12/2026,Joe M Scaturro,Keller Williams The Forturro Group,9/28/2025 1:56 PM,1.00,https://zimg.paragon.ice.com/ParagonImages/Property/PE/CCAR/2523680/0/120/90/2ce8e87c877858346558dc30158b0c29/5/b0c6caa9f4983500bd4ae65faac539e7/2523680-3b98d436-fa07-4ee1-999e-ff25924a865d.JPG,
4/28/2025,"$244,999",115 Forman Way,,SC,Aynor,29511,2510566,3,2,"$235,000",6/30/2025,1680,Carson M Evans,Sloan Realty Group,6/30/2025,Joe M Scaturro,Keller Williams The Forturro Group,4/28/2025 6:51 AM,1.15,https://zimg.paragon.ice.com/ParagonImages/Property/PE/CCAR/2510566/0/120/90/ec9dc06973d0a3b929735943cedc0490/5/8c72d49e41482b91951778279c57d4e6/2510566-28ab9c6f-2431-4ff0-ac1c-89a2ee937278.JPG,
5/23/2024,"$249,999",3021 Fowler Rd.,,SC,Loris,29569,2412502,4,2,"$235,000",8/19/2024,1680,Sally Richa,Weichert Realtors Southern Coast,8/19/2024,Joe M Scaturro,Keller Williams The Forturro Group,5/23/2024 11:00 AM,0.98,https://zimg.paragon.ice.com/ParagonImages/Property/PE/CCAR/2412502/0/120/90/fdb738f09d3cb83bc32a3c32e8ee6b56/5/d2baa417f7444d32651e6fa8895ca9d2/2412502-206f1cf5-b93a-4299-8e30-82c672c0ef5e.JPG,
5/10/2024,"$259,999",2862 Moores Mill Rd.,,SC,Aynor,29511,2411474,4,2,"$237,499",9/10/2024,1680,Courtney S Moore,RE/MAX Southern Shores-Conway,9/10/2024,Joe M Scaturro,Keller Williams The Forturro Group,5/10/2024 10:49 AM,1.00,https://zimg.paragon.ice.com/ParagonImages/Property/PE/CCAR/2411474/0/120/90/8c94a090037db10cc2d9b2b76582aa86/5/f01651b266b06b930e1b34bb183c60d7/2411474-5b6db1bf-cc54-4179-8bc5-bb39e6abb2b7.JPG,
7/25/2025,"$239,999",1300 Rabbit Ln.,,SC,Conway,29526,2518182,4,2,"$239,000",9/26/2025,1792,The Greg Sisson Team,The Ocean Forest Company,9/26/2025,Joe M Scaturro,Keller Williams The Forturro Group,7/25/2025 9:54 AM,1.00,https://zimg.paragon.ice.com/ParagonImages/Property/PE/CCAR/2518182/0/120/90/6eea47081d12fed2dcd3117d0b3a447e/5/7a5009c15a5c019d76f95e906d489de8/2518182-3366015F-3383-4024-8912-ABB6CE9774D1.JPG,
3/25/2024,"$239,999",3874 Wayside Rd.,,SC,Conway,29527,2407324,3,2,"$239,000",6/24/2024,1568,Nina L Avery,Realty ONE Group Dockside,6/25/2024,The Forturro Group,Keller Williams Innovate South,3/25/2024 9:04 AM,0.39,https://zimg.paragon.ice.com/ParagonImages/Property/PE/CCAR/2407324/0/120/90/bc7e8476ee703817f41de945f9330ab6/5/c742a2fb2d5e15674a7ea9c25494dcae/2407324.JPG,
2/3/2026,"$249,999",2012 Pint Circle,,SC,Longs,29568,2602963,4,2,"$239,900",3/16/2026,1904,Stephanie Everett,Keller Williams Innovate South,3/17/2026,Joe M Scaturro,Keller Williams The Forturro Group,2/3/2026 9:43 AM,0.53,https://zimg.paragon.ice.com/ParagonImages/Property/PE/CCAR/2602963/0/120/90/01b2473e73d4ddc20c0665b674d458f7/0/2f67a939696fba1e3840a7984742b331/2602963-5B80F48F-9001-472A-A40F-F10B485CD602.JPG,
1/1/2025,"$249,999",8735 W Highway 19,,SC,Loris,29569,2428862,3,2,"$239,999",4/4/2025,1500,Mathea N Arruda,Agent Group Realty - MB,4/8/2025,Joe M Scaturro,Keller Williams The Forturro Group,1/1/2025 11:33 AM,1.47,https://zimg.paragon.ice.com/ParagonImages/Property/PE/CCAR/2428862/0/120/90/4218861143e6a854212586d25bec507d/5/b2575b2dcfc6455db01b05f3e4c2e07b/2428862-e161cd0e-ac37-4956-80ce-7cdc578686a7.JPG,
10/27/2025,"$237,499",108 Forman Way,,SC,Aynor,29511,2525965,4,2,"$240,000",12/11/2025,1792,Patrick Webster,Duncan Group Properties,12/19/2025,Joe M Scaturro,Keller Williams The Forturro Group,10/27/2025 11:25 AM,1.00,https://zimg.paragon.ice.com/ParagonImages/Property/PE/CCAR/2525965/0/120/90/d8dd684094767648c592e04d088d3583/5/802399af093e0313b72a731aad5b2881/2525965-E1FBB0B6-D595-4D08-B845-E297D807C036.JPG,
2/20/2026,"$249,999",1329 Rabbit Ln.,,SC,Conway,29526,2604537,3,2,"$245,000",6/5/2026,1568,Jesse Fennell,CENTURY 21 Broadhurst,6/8/2026,Joe M Scaturro,Keller Williams The Forturro Group,2/20/2026 12:08 PM,1.00,https://zimg.paragon.ice.com/ParagonImages/Property/PE/CCAR/2604537/0/120/90/1fc7ae4476d076582a2dda4dda5e2f4f/0/ebf4b4fa9c5744801f380d0eb08af69f/2604537-7CB25B49-9ED2-4530-AF17-75AF8B24094B.JPG,
1/26/2024,"$224,999",8727 W Highway 19,,SC,Loris,29569,2402266,3,2,"$247,500",8/23/2024,1456,Isaiah S Hernandez,Keller Williams The Forturro Group,8/28/2024,The Forturro Group,Keller Williams Innovate South,1/26/2024 6:33 PM,1.82,https://zimg.paragon.ice.com/ParagonImages/Property/PE/CCAR/2402266/0/120/90/565a9176a372e65b6ec2a49bdf938b87/5/146623b7f2ed6610f546535bf974b5ab/2402266.JPG,
10/22/2024,"$249,999",2842 Moores Mill Rd.,,SC,Aynor,29511,2424359,3,2,"$249,999",12/20/2024,1750,Jessica B Ross,eXp Realty LLC,12/20/2024,Joe M Scaturro,Keller Williams The Forturro Group,10/22/2024 10:07 AM,1.86,https://zimg.paragon.ice.com/ParagonImages/Property/PE/CCAR/2424359/0/120/90/fdce1dba49740c8a9452b2dc9177a90f/5/f973f36e63e100b84c2665dd49e382b9/2424359-87a2421a-1104-4171-829e-83859814cc82.JPG,
7/20/2025,"$244,999",1301 Rabbit Ln.,,SC,Conway,29526,2517729,4,2,"$250,000",1/28/2026,1680,Duffy Bisesto Group,RE/MAX Executive - Grande Dunes,1/29/2026,Joe M Scaturro,Keller Williams The Forturro Group,7/20/2025 7:26 AM,1.00,https://zimg.paragon.ice.com/ParagonImages/Property/PE/CCAR/2517729/0/120/90/2cd10ecb999fd10c8fd27d0d0ae7330d/5/f86d414ca5d97449894af4ac4cf74888/2517729-2d11bd2d-d23f-439b-91af-955390cab385.JPG,
5/9/2024,"$259,999",2866 Moores Mill Rd.,,SC,Aynor,29511,2411437,3,2,"$250,000",7/26/2024,1568,The Roark Group,RE/MAX Executive,7/29/2024,Joe M Scaturro,Keller Williams The Forturro Group,5/9/2024 10:21 PM,1.00,https://zimg.paragon.ice.com/ParagonImages/Property/PE/CCAR/2411437/0/120/90/acd319181d72933915014357ff80e796/5/7ed17b23694c9a86aaa9cac7b7e10e5d/2411437-0f7a04d4-6262-4915-a0a8-1ed7678764a4.JPG,
11/20/2024,"$245,999",128 Forman Way,,SC,Aynor,29511,2426716,4,2,"$253,999",2/4/2025,1680,Kellie M Knaffle,RE/MAX Southern Shores,2/5/2025,Joe M Scaturro,Keller Williams The Forturro Group,11/20/2024 2:31 PM,0.94,https://zimg.paragon.ice.com/ParagonImages/Property/PE/CCAR/2426716/0/120/90/011c5a3bb9792207620cc84a8c09cc55/5/d7472e46385b26af6b2709b1788be448/2426716-a990f1d5-a599-4e3b-8bc0-43d7a509ecb5.JPG,
9/18/2025,"$254,999",112 Forman Way,,SC,Aynor,29511,2522913,3,2,"$254,999",10/28/2025,1680,Lisa Sullivan,Realty ONE Group DocksideSouth,10/31/2025,Joe M Scaturro,Keller Williams The Forturro Group,9/18/2025 2:43 PM,1.15,https://zimg.paragon.ice.com/ParagonImages/Property/PE/CCAR/2522913/0/120/90/ce020eaa752861272ed15c0e9bff9f72/5/820dcc5af09e334e5cc6f5fba13c3eae/2522913-2b29bd80-bd86-42ae-a0b7-ece95f153ab3.JPG,
1/11/2025,"$275,000",1305 Rabbit Ln.,,SC,Conway,29526,2500869,3,2,"$255,000",3/10/2025,1736,Filomena M Thompson,Realty ONE Group Dockside,3/11/2025,Joe M Scaturro,Keller Williams The Forturro Group,1/11/2025 1:39 PM,1.17,https://zimg.paragon.ice.com/ParagonImages/Property/PE/CCAR/2500869/0/120/90/5e65b870008f3b2e8a71a3ee35d0c76e/5/90f740ad9358965b7309ec815f18ee1d/2500869-c7ce35ed-815c-409d-8ad1-b89929ab4366.JPG,
8/11/2025,"$254,999",1321 Rabbit Ln.,,SC,Conway,29526,2519482,3,2,"$255,000",11/25/2025,1580,Kimiko M Cybak,Realty One Group Dockside Cnwy,11/26/2025,Joe M Scaturro,Keller Williams The Forturro Group,8/11/2025 9:41 AM,1.00,https://zimg.paragon.ice.com/ParagonImages/Property/PE/CCAR/2519482/0/120/90/9729c434b4d2a7147bd489f75d7a8836/5/77838466eb6c9ed4d8c78772a20effa6/2519482-9565651C-D123-410C-B7C9-23859961F7E6.JPG,
6/10/2024,"$259,999",2858 Moores Mill Rd.,,SC,Aynor,29511,2413882,4,2,"$259,000",7/23/2024,1904,Dominic Siciliano,Keller Williams The Forturro Group,7/23/2024,Joe M Scaturro,Keller Williams The Forturro Group,6/10/2024 9:04 AM,1.00,https://zimg.paragon.ice.com/ParagonImages/Property/PE/CCAR/2413882/0/120/90/09cb2b8f53e103dc0fd5b21bbebed718/5/673aed86510de0d4429fe37946ee3430/2413882-7E111212-350B-4B36-ABD3-AB41F8E394AB.JPG,
4/25/2025,"$259,999",121 Forman Way,,SC,Aynor,29511,2510477,4,2,"$259,999",7/7/2025,1904,Joe M Scaturro,Keller Williams The Forturro Group,7/10/2025,Joe M Scaturro,Keller Williams The Forturro Group,4/25/2025 5:21 PM,1.14,https://zimg.paragon.ice.com/ParagonImages/Property/PE/CCAR/2510477/0/120/90/8bb320bb166c7c2141ec1d26028c8faa/5/7ac21962c666c70ffb25940932ae390a/2510477-39A9D991-2C16-47A3-AC28-AFCF9AA776E8.JPG,
9/23/2025,"$264,999",2830 Moores Mill Rd.,,SC,Aynor,29511,2523301,3,2,"$264,999",11/12/2025,1920,Stephanie Everett,BHGRE Paracle Myrtle Beach,11/20/2025,Joe M Scaturro,Keller Williams The Forturro Group,9/23/2025 4:45 PM,1.00,https://zimg.paragon.ice.com/ParagonImages/Property/PE/CCAR/2523301/0/120/90/5549d94412d1f41645bb031dd6675016/5/21a3b9cfd3a2b5392755eb99c7c3a9ae/2523301-1AC3550A-11E0-42E5-A217-29BB6AB6E398.JPG,
2/2/2025,"$270,999",1375 Highway 139,,SC,Conway,29526,2502626,3,2,"$265,000",7/3/2025,1680,Kevin D Oxendine,Keller Williams The Forturro Group,7/7/2025,Joe M Scaturro,Keller Williams The Forturro Group,2/2/2025 11:24 AM,1.00,https://zimg.paragon.ice.com/ParagonImages/Property/PE/CCAR/2502626/0/120/90/86ad6025b93cccc3c62aac485679cc5c/5/f7aa48e85705068ee9c2867bd2ee17bf/2502626-89D5DEC9-A28F-4271-9372-C0264CF4AFA6.JPG,
8/1/2024,"$279,999",2854 Moores Mill Rd.,,SC,Aynor,29511,2417924,3,2,"$269,000",9/19/2024,1750,Joe M Scaturro,Keller Williams The Forturro Group,9/23/2024,Joe M Scaturro,Keller Williams The Forturro Group,8/1/2024 6:58 AM,1.00,https://zimg.paragon.ice.com/ParagonImages/Property/PE/CCAR/2417924/0/120/90/c5956a94932f6a4ad2a58762522862d0/5/0ef7302122d07751beaf671841f5477a/2417924-B1D3B646-B9B3-4114-B9A1-5A97DD01C61B.JPG,
2/9/2026,"$270,000",4685 Southland Dr.,,SC,Longs,29568,2603433,4,2,"$270,000",2/5/2026,1920,Joe M Scaturro,Keller Williams The Forturro Group,2/9/2026,Joe M Scaturro,Keller Williams The Forturro Group,2/9/2026 10:29 AM,1.00,https://zimg.paragon.ice.com/ParagonImages/Property/PE/CCAR/2603433/0/120/90/8f68428d6953330cad71298a15fcb7c1/0/d4986d43d498684ad4e10b4b3d1449d5/2603433-7631235c-fd79-407a-b472-2e05582f3b42.JPG,
6/6/2025,"$299,999",1325 Rabbit Ln.,,SC,Conway,29526,2514100,3,2,"$272,000",10/7/2025,1680,Mo Paul's Team,Salt Realty,10/8/2025,Joe M Scaturro,Keller Williams The Forturro Group,6/6/2025 12:09 PM,1.00,https://zimg.paragon.ice.com/ParagonImages/Property/PE/CCAR/2514100/0/120/90/d02d1a4d813cf05a68c6ecded2f788fc/5/32f46b2391f2c5a3c5faca59f27acec9/2514100-5200b5c1-4b68-4dad-ba81-7277cc4f6b01.JPG,
2/7/2024,"$269,999",9221 W Highway 19,,SC,Loris,29569,2403208,4,2,"$272,499",4/15/2024,1904,Rachael Freeman,Coastal Shores Realty Group,4/16/2024,The Forturro Group,Keller Williams Innovate South,2/7/2024 11:00 AM,3.65,https://zimg.paragon.ice.com/ParagonImages/Property/PE/CCAR/2403208/0/120/90/362ef5a616d3b08251bac320b6b77cc7/5/88bcbae5515ac43a67fb73ab6458075f/2403208-1df368e6-517e-4a66-a6a1-d10adbfadd6d.JPG,
5/9/2024,"$279,999",2846 Moores Mill Rd.,,SC,Aynor,29511,2411319,4,2,"$276,000",7/22/2024,2016,Jeff Forman,Keller Williams The Forturro Group,7/24/2024,Joe M Scaturro,Keller Williams The Forturro Group,5/9/2024 5:08 AM,1.80,https://zimg.paragon.ice.com/ParagonImages/Property/PE/CCAR/2411319/0/120/90/5d740d78a185f8f4863cd27a414cadd0/5/f7433dda9874e22d2fb0bdd0dd019069/2411319-6046a710-367f-4303-b93c-66d991f6bec9.JPG,
4/28/2025,"$259,999",116 Forman Way,,SC,Aynor,29511,2510565,4,2,"$285,000",7/10/2025,1792,Terri A Furlong,Iron Oak Properties,7/11/2025,Joe M Scaturro,Keller Williams The Forturro Group,4/28/2025 6:49 AM,1.00,https://zimg.paragon.ice.com/ParagonImages/Property/PE/CCAR/2510565/0/120/90/c11d93dc5169e6008aa4c56bba3c22b8/5/9255770f26d9309ad250d39f56d8cd86/2510565-E5EAC4CF-2372-49E3-84C4-73B09BC9AC27.JPG,
2/24/2024,"$350,000",2850 Moores Mill Rd.,,SC,Aynor,29511,2404733,4,2,"$335,000",7/18/2024,2016,Allie Chandler,EXP Realty LLC,7/19/2024,Joe M Scaturro,Keller Williams The Forturro Group,2/24/2024 1:24 PM,1.86,https://zimg.paragon.ice.com/ParagonImages/Property/PE/CCAR/2404733/0/120/90/f50466b0810f5c7e6fa1bd7c67e5fadd/5/badc61bb905835cd63ad5c8db0adc9aa/2404733-96bf923f-addc-4c6c-b97c-7e95206d5d6e.JPG,
7/7/2023,"$199,999",3820 Wayside Rd.,,SC,Conway,29527,2313405,4,2,"$225,000",11/3/2023,1680,The Forturro Group,Keller Williams Innovate South,11/6/2023,The Forturro Group,Keller Williams Innovate South,7/7/2023 9:13 AM,0.23,https://zimg.paragon.ice.com/ParagonImages/Property/PE/CCAR/2313405/0/120/90/0f667d916419bd52a1da32e03140369a/5/8b157786fe61dd8877ee5fd2eeb8e651/2313405.JPG,
8/2/2023,"$199,999",3838 Wayside Rd.,,SC,Conway,29527,2315294,3,2,"$210,000",12/7/2023,1568,Joseph A Sistare,Keller Williams Innovate South,12/12/2023,The Forturro Group,Keller Williams Innovate South,8/2/2023 10:36 AM,0.25,https://zimg.paragon.ice.com/ParagonImages/Property/PE/CCAR/2315294/0/120/90/6fb57692e82e9ad2f2f16a46e2243f8e/5/98326b9704b70f6f05a95c532538e61f/2315294.JPG,
8/15/2023,"$225,000",3810 Wayside Rd.,,SC,Conway,29527,2316420,3,2,"$225,000",9/13/2023,1568,Rebecca Swartz,RE/MAX Executive,9/13/2023,The Forturro Group,Keller Williams Innovate South,8/15/2023 4:06 PM,0.23,https://zimg.paragon.ice.com/ParagonImages/Property/PE/CCAR/2316420/0/120/90/c103a63ebf548d34fc395546d904291f/5/aba3906e95805f155fe0e8b673635381/2316420.JPG,
10/17/2023,"$214,999",3866 Wayside Rd.,,SC,Conway,29527,2321132,3,2,"$214,999",12/28/2023,1456,Higdon Properties Group,INNOVATE Real Estate,12/29/2023,The Forturro Group,Keller Williams Innovate South,10/17/2023 4:04 PM,0.23,https://zimg.paragon.ice.com/ParagonImages/Property/PE/CCAR/2321132/0/120/90/c37af89268323a42db796feb8d8b1ac8/5/80e1a28e96d4e6779997e6b77b90f9b2/2321132.JPG,
10/17/2023,"$214,999",3834 Wayside Rd.,,SC,Conway,29527,2321133,3,2,"$215,000",12/5/2023,1456,The Forturro Group,Keller Williams Innovate South,12/6/2023,The Forturro Group,Keller Williams Innovate South,10/17/2023 4:09 PM,0.23,https://zimg.paragon.ice.com/ParagonImages/Property/PE/CCAR/2321133/0/120/90/3fd9d0fe8f8561b1f54002396ed6f6ad/5/00e4ee3fa23fe3ba8f657c28db49ad4a/2321133.JPG,
11/20/2023,"$214,999",3824 Wayside Rd.,,SC,Conway,29527,2323619,3,2,"$220,000",1/2/2024,1456,Annmarie Alongi,Realty ONE Group Dockside,1/3/2024,The Forturro Group,Keller Williams Innovate South,11/20/2023 11:07 AM,0.23,https://zimg.paragon.ice.com/ParagonImages/Property/PE/CCAR/2323619/0/120/90/be500c79cc26cf6782d7d94ae7a86e10/5/a0bcd35c3471862cfa4ad460d78edc43/2323619.JPG,
11/17/2023,"$225,000",3860 Wayside Rd.,,SC,Conway,29527,2323622,3,2,"$225,000",11/16/2023,1568,Rob Deaton Properties Group,RE/MAX Executive,11/20/2023,The Forturro Group,Keller Williams Innovate South,11/20/2023 11:32 AM,0.25,https://zimg.paragon.ice.com/ParagonImages/Property/PE/CCAR/2323622/0/120/90/7a37332383abb67ec3e0ac016e1c893b/5/eefc18f6bb1bdb24779f11e20df8b77c/2323622.JPG,
