platform,existing_profile,account_owner,verified_access,current_name_phone_address_hours,proposed_correction,evidence_url,approval,completed_at
Google Business Profile,https://maps.google.com/?cid=3461988553332431879,,,,,,pending,
Instagram,https://www.instagram.com/homeplacer,,,,,,pending,
Bing Places,,,,,,,pending,
Apple Business Connect,,,,,,,pending,
Facebook,,,,,,,pending,
Clayton dealer locator,,,,,,,pending,
Cavco dealer locator,,,,,,,pending,
Champion dealer locator,,,,,,,pending,
Local association or chamber,,,,,,,pending,
